KEY,en,notes,sp,fr,de,it,pt-br,zh
EABILITY_HOLYBLAST_NAME,神聖爆發,,Explosión sagrada,Explosion sacrée,Heilige Explosion,Esplosione Sacra,Explosão Sagrada,神聖爆發
EABILITY_PRECOGNITION_NAME,預知,,Premonición,Prémonition,Vorausahnung,Precognizione,Predição,預知
EABILITY_ANNIHILATION_NAME,消滅,,Aniquilación,Annihilation,Vernichtung,Annientamento,Aniquilação,消滅
EABILITY_RISE_NAME,崛起,,Levantamiento,Ascension,Erheben,Ascesa,Elevação,崛起
EABILITY_PURITY_NAME,純淨,,Pureza,Pureté,Reinheit,Purezza,Pureza,純淨
EABILITY_WRATH_NAME,憤怒,,Ira,Courroux,Zorn,Ira,Ira,憤怒
EABILITY_PULSE_NAME,脈衝,,Pulso,Pulsation,Puls,Impulso,Pulso,脈衝
EABILITY_SLAM_NAME,猛擊,,Porrazo,Écrasement,Aufschlag,Schianto,Batida,猛擊
EABILITY_TOSS_NAME,投擲,,Lanzamiento,Lancer,Wurf,Lancio,Lançamento,投擲
EABILITY_GASP_NAME,喘息,,Bocanada,Exclamation,Keuchen,Sussulto,Engasgo,喘息
EABILITY_RAGE_NAME,狂怒,,Rabia,Rage,Rage,Rabbia,Raiva,狂怒
EABILITY_TANTRUM_NAME,發脾氣,,Rabieta,Caprice,Wutanfall,Capriccio,Birra,發脾氣
EABILITY_CALL_NAME,召喚,,Llamada,Appel,Ruf,Richiamo,Chamado,召喚
EABILITY_SPIT_NAME,唾棄,,Escupitajo,Crachat,Ausspucken,Sputo,Cuspe,唾棄
EABILITY_BELLYPOUND_NAME,腹部重擊,,Barrigazo,Tambourinage de bide,Bauchtrommel,Sbatacchiamento di Pancia,Barrigada,腹部重擊
EABILITY_DIGEST_NAME,消化,,Digestión,Digestion,Verdauen,Digestione,Digestão,消化
EABILITY_HEADCHARGE_NAME,頭錘,,Cabezazo,Tête en avant,Kopfansturm,Carica di Testa,Cabeçada,頭錘
EABILITY_SHRIEK_NAME,尖叫,,Chillido,Cri perçant,Kreischen,Stridio,Guincho,尖叫
EABILITY_SCREAM_NAME,尖叫,,Grito,Cri,Schrei,Urlo,Grito,尖叫
EABILITY_SHAKE_NAME,搖晃,,Sacudida,Secousse,Schütteln,Scuotimento,Tremor,搖晃
EABILITY_COUGH_NAME,咳嗽,,Tos,Toux,Husten,Tosse,Tosse,咳嗽
EABILITY_PRISON_NAME,監獄,,Prisión,Prison,Gefängnis,Prigione,Prisão,監獄
EABILITY_SPINTHROW_NAME,旋轉投擲,,Lanzamiento giratorio,Lancer toupie,Drehwurf,Lancio Rotante,Lançamento Giratório,旋轉投擲
EABILITY_FIRESTORM_NAME,烈焰風暴,,Tormenta de fuego,Tempête de feu,Feuersturm,Tempesta di Fuoco,Tempestade de Fogo,烈焰風暴
EABILITY_FIREBREATH_NAME,火焰吐息,,Aliento de fuego,Souffle de feu,Feueratem,Soffio di Fuoco,Hálito Flamejante,火焰吐息
EABILITY_VOLCANOSTOMP_NAME,火山踐踏,,Pisotón volcánico,Piétinement volcanique,Vulkanstampfer,Pestone Vulcanico,Pisão de Vulcão,火山踐踏
EABILITY_SPINDASH_NAME,旋轉衝刺,,Carrera giratoria,Charge tournoyante,Drehsturm,Scatto Rotante,Impulso Giratório,旋轉衝刺
EABILITY_METEORNADO_NAME,隕石旋風,,Meteornado,Météornade,Meteornado,Meteornado,Meteoronado,隕石旋風
EABILITY_TURTLE_NAME,海龜,,Tortuga,Tortue,Panzerschutz,Tartaruga,Tartaruga,海龜
EABILITY_MAGNETPULL_NAME,磁力拉扯,,Atracción magnética,Attirance magnétique,Magnetzug,Attrazione Magnetica,Atração Magnética,磁力拉扯
EABILITY_METEORBOMBARD_NAME,隕石轟炸,,Bombardeo de meteoritos,Bombardement météore,Meteorbeschuss,Bombardamento Meteoritico,Bombardeio de Meteoros,隕石轟炸
EABILITY_HSULF_NAME,Hsulf,"""Flush"" backwards (for chaos boss) [backwards version of flushmaster Flush]",Anretsic,Odessahc,Gnulüps,Enouqcaics,Agracsed,Hsulf
EABILITY_TSALBDNIMAGEM_NAME,Tsalb Dnim Agem,"""Mega Mind Blast"" backwards (for chaos boss) [backwards version of johnny's Mega Mind Blast]",Latnem nóisolpxeagem,Euqihcysp epparf agèm,Noisolpxeneknadeg Egiseir,Elatnem Enoisolpse Agem,Latnem Oãsolpxe Agem,Tsalb Dnim Agem
EABILITY_TUODAERPS_NAME,Tuo Daerps.,"""Spread Out"" backwards (for chaos boss) [backwards version of throbbing king's Spread Out]",Adadnabsed,Suov-zesrepsid.,Nelietrev.,Ivetailgapraps.,Otnemahlapse,Tuo Daerps.
EABILITY_THROWGRENADE_NAME,投擲手榴彈,,Lanzamiento de granada,Lancer de grenade,Granate werfen,Lancio di Granata,Lançar Granada,投擲手榴彈
EABILITY_SNIPER_NAME,狙擊手,,Tiro de francotirador,Sniper,Scharfschütze,Cecchino,Sniper,狙擊手
EABILITY_BOULDERDROP_NAME,巨石墜落！,,¡Peñasco va!,Lancer de rocher,Steinschlag!,Caduta Massi!,Pedrada!,巨石墜落！
EABILITY_T3RIPANDTEAR_NAME,Auseinanderreißen,,Auseinanderreißen,Auseinanderreißen,Auseinanderreißen,Auseinanderreißen,Auseinanderreißen,Auseinanderreißen
EABILITY_ROULETTE_NAME,輪盤賭。,,Ruleta,Roulette.,Roulette.,Roulette.,Roleta.,輪盤賭。
EABILITY_KNEEL_NAME,跪下。,,Postración,À genoux.,Kniet nieder.,Inginocchiatevi.,Ajoelhar.,跪下。
EABILITY_GOAWAY_NAME,走開。,,Distanciamiento,Dégage.,Aus meinen Augen.,Andatevene.,Partida.,走開。
EABILITY_SPREADOUT_NAME,散開。,,Desbandada,Dispersez-vous.,Verteilt euch.,Sparpagliatevi.,Espalhamento.,散開。
EABILITY_VOMITRAIN_NAME,嘔吐雨,,Lluvia de vómito,Pluie de vomi,Kotzregen,Pioggia di Vomito,Chuva de Vômito,嘔吐雨
EABILITY_SPAWNBOMB_NAME,生成炸彈,,Generación de bomba,Invocation de bombe,Bombe werfen,Generazione Bomba,Gerar Bomba,生成炸彈
EABILITY_SPAWNRAT_NAME,生成老鼠,,Generación de rata,Invocation de rat,Ratte rufen,Generazione Ratto,Gerar Rato,生成老鼠
EABILITY_CUT_NAME,切割,,Corte,Coupure,Ritzen,Taglio,Corte,切割
EABILITY_HEAL_NAME,治療,,Curación,Soin,Heilung,Cura,Cura,治療
EABILITY_TRAMPLEDASH_NAME,踐踏衝刺,,Carrera con pisotón,Charge bélier,Trampelansturm,Scatto Travolgente,Atropelamento,踐踏衝刺
EABILITY_RAGEUP_NAME,狂怒提升,,Rabia aumentada,Fureur,Wut hoch,Furia +,Enfurecer,狂怒提升
EABILITY_DUSTDASH_NAME,塵埃衝刺,,Carrera polvorienta,Charge poussiéreuse,Staubansturm,Scatto di Polvere,Impulso de Poeira,塵埃衝刺
EABILITY_SPELLSHIELD_NAME,魔法盾,,Escudo antihechizos,Bouclier magique,Zauberschild,Scudo Magico,Escudo Encantado,魔法盾
EABILITY_FLAMETHROWER_NAME,火焰噴射器,,Lanzallamas,Lance-flammes,Flammenwerfer,Lanciafiamme,Lança-Chamas,火焰噴射器
EABILITY_WIZBLIZZ_NAME,巫師暴風雪,,Viento embrujado,Blizzard magique,Zauberschnee,Bufera Magica,Nevascaria,巫師暴風雪
EABILITY_WIZSTORM_NAME,xXx_Thunder_xXx,,xXx_Trueno_xXx,xXx_Tonnerre_xXx,xXx_Donner_xXx,xXx_Tuono_xXx,xXx_Trovão_xXx,xXx_Thunder_xXx
EABILITY_SWIPE_NAME,揮擊,,Golpe,Baffe,Schlag,Zampata,Passada,揮擊
EABILITY_BITE_NAME,咬,,Mordisco,Morsure,Biss,Morso,Mordida,咬
EABILITY_GEMINADO_NAME,雙重,,Geminado,Tornades jumelles,Geminado,Geminado,Geminado,雙重
EABILITY_SUICIDEMELEE_NAME,近戰攻擊,,Ataque cuerpo a cuerpo,Attaque au corps à corps,Nahkampfangriff,Attacco Corpo a Corpo,Ataque Corpo-a-Corpo,近戰攻擊
EABILITY_SUICIDEMELEE_DESC,一種近戰攻擊，也會傷害自己。,,Un ataque cuerpo a cuerpo que también daña a esta unidad.,Une attaque au corps à corps qui vous inflige également des dégâts.,"Ein Nahkampfangriff, der dir auch selbst Schaden zufügt.",Un attacco corpo a corpo che danneggia anche te.,Um ataque corpo-a-corpo que também causa dano a você.,一種近戰攻擊，也會傷害自己。
EABILITY_SPAWNMAGGOT_NAME,生成蛆,,Generación de gusano,Invocation d'asticot,Made rufen,Generazione Larva,Gerar Verme,生成蛆
EABILITY_SPAWNMAGGOTS_NAME,生成蛆蟲,,Generación de gusanos,Invocation d'asticots,Maden rufen,Generazione Larve,Gerar Vermes,生成蛆蟲
EABILITY_SPAWNFLEA_NAME,生成跳蚤,,Generación de pulga,Invocation de puce,Floh rufen,Generazione Pulce,Gerar Pulga,生成跳蚤
EABILITY_RATLEAP_NAME,老鼠跳躍,,Brinco ratonero,Saut de rat,Rattensprung,Balzo del Ratto,Salto do Rato,老鼠跳躍
EABILITY_CATCALL_NAME,貓叫聲,,Llamada felina,Huée,Katzenjammer,Richiamo del Gatto,Cantada,貓叫聲
EABILITY_MUTATE_NAME,變異,,Mutación,Mutation,Mutation,Mutazione,Mutação,變異
EABILITY_TUMORPRISON_NAME,腫瘤牢籠,,Prisión tumoral,Prison tumeur,Tumorgefängnis,Prigione Tumorale,Prisão de Tumor,腫瘤牢籠
EABILITY_RALLYMAGGOTS_NAME,集結，蛆蟲們！,,Gusanos replegados,Ralliement d'asticots,"Auf sie, ihr Maden!","Radunatevi, Larve!","Vermes, Comigo!",集結，蛆蟲們！
EABILITY_ZAP_NAME,閃電,,Calambre,Bzzzz,Stromstoß,Zap,Zap,閃電
EABILITY_FATLEAP_NAME,胖子跳躍,,Brinco grasiento,Gros saut,Fetter Sprung,Balzo Ciccione,Salto Gorduroso,胖子跳躍
EABILITY_XLIGHTNING_NAME,X 閃電,,Rayo X,Éclair X,X-Blitz,Fulmin-X,Raio X,X 閃電
EABILITY_SLIDE_NAME,滑動,,Deslizamiento,Glissade,Rutschen,Scivolata,Deslizar,滑動
EABILITY_MCFLAMETHROWER_NAME,MC 火焰噴射器,,Lanzallamas de GM,CM&nbsp;Lance-flammes,MC-Flammenwerfer,Lanciafiamme del GM,Lança-Chamas MC,MC 火焰噴射器
EABILITY_MCBLIZZ_NAME,MC 冰暴,,Ventisca de GM,CM&nbsp;Blizzard,MC-Blizz,Bufera del GM,Nevasca MC,MC 冰暴
EABILITY_MCTHUNDER_NAME,MC 雷鳴,,Trueno de GM,CM&nbsp;Tonnerre,MC-Donner,Tuono del GM,Trovão MC,MC 雷鳴
EABILITY_D6FIZZLE_NAME,0 : 噼啪聲,,0 : Chisporroteo,0&nbsp;: Crépitement,0 : Zischen,0: Sibilo,0 : Silvo,0 : 噼啪聲
EABILITY_D6CONFUSION_NAME,1 : 混亂,,1 : Confusión,1&nbsp;: Confusion,1 : Verwirrung,1: Confusione,1 : Confusão,1 : 混亂
EABILITY_D6POOP_NAME,2 : 大便,,2 : Caca,2&nbsp;: Crotte,2 : Häufchen,2: Cacca,2 : Cocô,2 : 大便
EABILITY_D6LEECH_NAME,2 : 蟲吸,,2 : Sanguijuela,2&nbsp;: Sangsue,2 : Blutegel,2: Sanguisuga,2 : Sanguessuga,2 : 蟲吸
EABILITY_D6LASER_NAME,3 : 激光,,3 : Láser,3&nbsp;: Laser,3 : Laser,3: Laser,3 : Laser,3 : 激光
EABILITY_D6KNIVES_NAME,4 : 匕首,,4 : Cuchillos,4&nbsp;: Couteaux,4 : Messer,4: Coltelli,4 : Facas,4 : 匕首
EABILITY_D6QUAKE_NAME,4 : 震顫,,4 : Temblor,4&nbsp;: Séisme,4 : Beben,4: Terremoto,4 : Terremoto,4 : 震顫
EABILITY_D6STORM_NAME,5 : 風暴,,5 : Tormenta,5&nbsp;: Tempête,5 : Sturm,5: Tempesta,5 : Tempestade,5 : 風暴
EABILITY_D6WRATH_NAME,6 : 憤怒,,6 : Ira,6&nbsp;: Colère,6 : Zorn,6: Ira,6 : Ira,6 : 憤怒
EABILITY_ROLLDICE_NAME,擲骰！,,¡Tirada!,Roule&nbsp;!,Wurf!,Tira!,Cambalhota!,擲骰！
EABILITY_SHOVE_NAME,推搡,,Envite,Bourrade,Schubsen,Spinta,Encontrão,推搡
EABILITY_POISONKNIFE_NAME,毒刃,,Cuchillo venenoso,Couteau empoisonné,Giftmesser,Coltello Avvelenato,Faca Envenenada,毒刃
EABILITY_HEALBOMB_NAME,治療炸彈,,Bomba curativa,Bombe de soin,Heilbombe,Bomba Curativa,Bomba de Cura,治療炸彈
EABILITY_MASSHEAL_NAME,羣體治療,,Curación colectiva,Soin de masse,Massenheilung,Cura di Massa,Cura em Massa,羣體治療
EABILITY_CHAINDASH_NAME,連鎖衝刺,,Carrera encadenada,Charge en chaîne,Mehrfachansturm,Scatto a Catena,Impulso Encadeado,連鎖衝刺
EABILITY_SHADOWDAGGER_NAME,暗影匕首,,Daga sombría,Dague de l'ombre,Schattenmesser,Pugnale d'Ombra,Adaga Sombria,暗影匕首
EABILITY_GLARE_NAME,凝視,,Resplandor,Regard noir,Schlangenblick,Abbagliamento,Brilho,凝視
EABILITY_BLOW_NAME,吹氣,,Golpetazo,Choc,Hieb,Soffio,Assoprão,吹氣
EABILITY_HEALINGWORD_NAME,治療之語,,Palabra curativa,Mot guérisseur,Heilendes Wort,Parola Curativa,Palavra Curativa,治療之語
EABILITY_BEARTRAP_NAME,熊夾陷阱,,Cepo para osos,Piège à ours,Bärenfalle,Trappola per Orsi,Armadilha de Urso,熊夾陷阱
EABILITY_SPIN_NAME,旋轉,,Giro,Tour,Wirbel,Rotazione,Giro,旋轉
EABILITY_DASH_NAME,衝刺,,Carrera,Impulsion,Ansturm,Scatto,Impulso,衝刺
EABILITY_LICK_NAME,舔,,Lametón,Léchouille,Schlecker,Leccata,Lambida,舔
EABILITY_SPITGLASS_NAME,吐出玻璃,,Escupitajo de cristal,Crachat de verre,Glas spucken,Sputo di Vetro,Cuspir Vidro,吐出玻璃
EABILITY_SIRENCALL_NAME,海妖之聲,,Canto de sirena,Chant de sirène,Sirenengesang,Richiamo della Sirena,Canto da Sereia,海妖之聲
EABILITY_FURYSWIPES_NAME,狂怒連擊,,Golpes con furia,Frappes furieuses,Kratzfurie,Zampate di Furia,Golpes Furiosos,狂怒連擊
EABILITY_HITLERSWIPES_NAME,元首揮擊,,Golpes del Führer,Frappes de Führer,Kratzführer,Zampate del Führer,Golpes do Führer,元首揮擊
EABILITY_CHUMSHOT_NAME,誘餌射擊,,Tiro de cebo,Tir allié,Köderschuss,Colpo di Pastura,Disparo Amigável,誘餌射擊
EABILITY_CHUMDASH_NAME,誘餌衝刺,,Carrera de cebo,Charge alliée,Köderansturm,Scatto di Pastura,Impulso Amigável,誘餌衝刺
EABILITY_SCATTER_NAME,分散。,,Dispersión,Dispersion.,Auseinander.,Disperdetevi.,Espalhamento.,分散。
EABILITY_HIDE_NAME,隱藏。,,Pellejo,Cachez-vous.,Verstecken.,Nascondetevi.,Esconder.,隱藏。
EABILITY_MEATTENTACLE_NAME,肉觸手,,Tentáculo carnoso,Viande de tentacule,Fleischtentakel,Tentacolo di Carne,Tentáculo de Carne,肉觸手
EABILITY_LITTER_NAME,垃圾,,Basura,Détritus,Streu,Lettiera,Jogar Lixo,垃圾
EABILITY_WIGGLE_NAME,扭動,,Serpenteo,Trémoussage,Wackel,Dimenamento,Balançada,扭動
EABILITY_MEATMINION_NAME,肉爪牙,,Secuaz carnoso,Viande de serviteur,Fleischdiener,Servitore di Carne,Servo de Carne,肉爪牙
EABILITY_BLOATYEXPLODE_NAME,爆炸,,Explosión,Explosion,Explodieren,Esplosione,Explosão,爆炸
EABILITY_BLOATYEXPLODE_DESC,他爆炸,,explota,Une explosion.,er macht Bumm,lui esplode,ele faz bum,他爆炸
EABILITY_SPAWNDIP_NAME,生成蘸料,,Generación de catalino,Invocation de caca,Köttel rufen,Generazione Cacchina,Gerar Cocô,生成蘸料
EABILITY_LEECHDASH_NAME,水蛭衝刺,,Carrera de sanguijuelas,Charge de sangsue,Blutegelansturm,Scatto della Sanguisuga,Impulso Sanguessuga,水蛭衝刺
EABILITY_BUMBLEJUMP_NAME,大黃蜂跳躍,,Bumblesalto,Saut de ver glouton,Bummelsprung,Bubbosalto,Salto Confuso,大黃蜂跳躍
EABILITY_FEAST_NAME,盛宴,,Festín,Festin,Festmahl,Banchetto,Banquete,盛宴
EABILITY_BONESPURT_NAME,骨刺,,Borbotón óseo,Jet d'os,Knochensporn,Schizzo d'Ossa,Esporão Ósseo,骨刺
EABILITY_ROCKSONG_NAME,石歌,,Canción roquera,Morceau de rock,Steinlied,Canzone della Roccia,Canção de Rock,石歌
EABILITY_CHUBSPIN_NAME,肥仔旋轉,,Giro de Chub,Toupie moignon,Chub-Wirbel,Trottola di Chubs,Giro Gorduroso,肥仔旋轉
EABILITY_NUKE_NAME,核彈,,Arma nuclear,Bombe nucléaire,Atombombe,Bomba Nucleare,Nuclear,核彈
EABILITY_NUBFLUB_NAME,殘廢失誤,,Pifia de Nub,Bourde moignon,Nub-Sprung,Pasticcio di Flubs,Bochechada,殘廢失誤
EABILITY_FLUSH_NAME,沖刷,,Cisterna,Chasse d'eau,Spülung,Sciacquone,Descarga,沖刷
EABILITY_TENTICKLES_NAME,十次撓癢,,Pulpillitas,Tentaccule,Kitzler,Solletico Tentacolare,Dez Cócegas,十次撓癢
EABILITY_BOTTOMSUP_NAME,乾杯,,¡Salud!,Cul sec,Prost,Cin Cin,Inversão,乾杯
EABILITY_BOTTOMSUP_DESC,獲得5生命值。只能在站在水中時使用。,,Obtiene 5 PS. Solo puede usarse en el agua.,Confère PV&nbsp;+5. Ne peut être utilisé que dans l'eau.,Erhalte 5&nbsp;LP. Kann nur im Wasser verwendet werden.,Ottieni 5 PS. Può essere usato solo stando in acqua.,Obtenha 5 PV. Só pode ser utilizado na água.,獲得5生命值。只能在站在水中時使用。
EABILITY_LOBBEDWATERSHOT_NAME,拋投水彈,,Tiro de agua en arco,Tir aquatique en cloche,Wasserschuss,Tiro d'Acqua a Parabola,Disparo Aquático em Arco,拋投水彈
EABILITY_LOBBEDWATERSHOT_DESC,拋投水攻擊。,,Lanza un ataque acuoso en arco.,Attaque aquatique en cloche.,"Ein Wasserangriff, der Hindernisse ignoriert.",Attacco d'acqua a parabola.,Ataque Aquático em Arco.,拋投水攻擊。
EABILITY_DISGUISE_NAME,僞裝,,Disfraz,Déguisement,Tarnung,Travestimento,Disfarce,僞裝
EABILITY_COUNTERSPELL_NAME,反魔法術,,Contrahechizo,Contre-sort,Zauberkonter,Controincantesimo,Contrafeitiço,反魔法術
EABILITY_COUNTERSPELL_DESC,"反制敵人下一次施放的法術。
如果反魔法術在你下一回合之前未被觸發，則吸收該法術，獲得+2傷害和+2所有屬性提升。",,"Contrarresta el siguiente hechizo de un enemigo.
Si esta unidad no activa el contrahechizo en el siguiente turno, lo absorbe para obtener +2 de daño y +2 de aumento total.","Contre le prochain sort ennemi. Si le contre-sort ne se déclenche pas d'ici votre prochain tour, vous l'absorbez pour gagner Dégâts&nbsp;+2 et Hausse de stats&nbsp;+2.","Kontert den nächsten Zauber, den ein Gegner wirkt.
Wenn Zauberkonter bis zu deinem nächsten Zug nicht ausgelöst wurde, erhalte +2&nbsp;Schaden und +2&nbsp;Bonus auf alle Attribute.","Contrasta il prossimo incantesimo lanciato da un nemico.
Se il controincantesimo non viene attivato entro il tuo prossimo turno, lo assorbi e ottieni +2 al Danno e +2 Aumento delle Statistiche.","Contra-ataca o próximo encantamento lançado por um inimigo.
Se o contrafeitiço não for ativado no seu próximo turno, absorva-o para obter +2 de dano e +2 em todos os atributos.","反制敵人下一次施放的法術。
如果反魔法術在你下一回合之前未被觸發，則吸收該法術，獲得+2傷害和+2所有屬性提升。"
EABILITY_BRAINMISSLE_NAME,腦導彈,,Misil cerebral,Missile psy,Hirnrakete,Missile Mentale,Míssil Cerebral,腦導彈
EABILITY_BRAINMISSLE_DESC,發射一個不會失手的無限射程彈幕。,,Dispara un proyectil de alcance infinito que no puede fallar.,Tire un projectile à portée infinie qui ne rate jamais sa cible.,"Feuere ein Geschoss mit unendlicher Reichweite ab, das nicht verfehlen kann.",Spara un proiettile a raggio d'azione infinito che non può mancare il bersaglio.,Dispare um projétil de alcance infinito que não pode errar.,發射一個不會失手的無限射程彈幕。
EABILITY_ACIDSHOT_NAME,酸液射擊,,Tiro ácido,Tir acide,Säureschuss,Colpo Acido,Disparo Ácido,酸液射擊
EABILITY_SUCK_NAME,吸入,,Succión,Aspiration,Sauger,Risucchio,Sugar,吸入
EABILITY_SUCK_DESC,吸入一個單位，然後吐出。,,Aspira a una unidad y luego la escupe.,"Aspire une unité, puis la recrache.",Atme eine Einheit ein und spucke sie anschließend aus.,Inala un'unita e poi la sputa via.,Inale uma unidade e então cuspa-a.,吸入一個單位，然後吐出。
EABILITY_WOLFLEAP_NAME,狼躍,,Brinco lobuno,Bond de loup,Wolfsprung,Salto del Lupo,Salto do Lobo,狼躍
EABILITY_DOOM_NAME,末日,,Condenación,MALHEUR,TODESURTEIL,SCIAGURA,PERDIÇÃO,末日
EABILITY_LEECHES_NAME,水蛭,,Sanguijuelas,Sangsues,Blutegel,Sanguisughe,Sanguessugas,水蛭
EABILITY_LEAVE_NAME,離開,,Abandono,Partir,Verlassen,Esci,Partir,離開
EABILITY_RETURN_NAME,返回,,Regreso,Revenir,Rückkehr,Ritorna,Retornar,返回
EABILITY_SPIDERSPAWN_NAME,蜘蛛孢子,,Generación de araña,Invocation d'araignée,Spinne rufen,Generazione Ragno,Gerar Aranha,蜘蛛孢子
EABILITY_WEB_NAME,蛛網,,Telaraña,Toile,Netz,Ragnatela,Teia,蛛網
EABILITY_SPAWNSPIDERLING_NAME,生成蜘蛛幼體,,Generación de arañitas,Invocation de jeunes araignées,Spinnenlinge rufen,Generazione Ragnetti,Gerar Aranhinhas,生成蜘蛛幼體
EABILITY_GOINSANE_NAME,發瘋！,,¡Locura!,Perds la raison&nbsp;!,Durchdrehen!,Impazzisci!,Enlouquecer!,發瘋！
EABILITY_CALMDOWN_NAME,冷靜！,,¡Tranquilidad!,On se calme&nbsp;!,Beruhigen!,Calmati!,Acalmar-se!,冷靜！
EABILITY_BUTTWEB_NAME,屁股網,,Telaraña anal,Toile du cul,Arschnetz,Ragnatela del Sedere,Teia de Bumbum,屁股網
EABILITY_FLIP_NAME,翻轉,,Vuelta,Flip flap,Flip,Capriola,Virada,翻轉
EABILITY_FART_NAME,放屁,,Pedo,Pet,Furz,Scoreggia,Pum,放屁
EABILITY_SPAWNWISP_NAME,生成幽靈,,Generación de avispa,Invocation de feu follet,Irrlicht rufen,Generazione Fuoco Fatuo,Gerar Fogo-Fátuo,生成幽靈
EABILITY_BOMBTOSS_NAME,投擲炸彈,,Lanzamiento de bomba,Lancer de bombe,Bombenwurf,Lancio di Bomba,Lançamento de Bomba,投擲炸彈
EABILITY_CONVERT_NAME,轉換,,Conversión,Conversion,Konvertieren,Conversione,Conversão,轉換
EABILITY_ZEALOT_NAME,狂熱者,,Fanatismo,Zélote,Fanatiker,Zelota,Fanatismo,狂熱者
EABILITY_BONESHOT_NAME,骨射,,Tiro óseo,Tir d'os,Knochenschuss,Colpo d'Ossa,Disparo Ósseo,骨射
EABILITY_SANDRUSH_NAME,沙塵衝刺,,Embestida arenosa,Charge sableuse,Sandrausch,Scatto di Sabbia,Ataque de Areia,沙塵衝刺
EABILITY_EAT_NAME,喫,,Comida,Manger,Essen,Mangia,Comer,喫
EABILITY_POISONATTACK_NAME,毒攻擊,,Ataque venenoso,Attaque empoisonnée,Giftangriff,Attacco Velenoso,Ataque Venenoso,毒攻擊
EABILITY_STING_NAME,刺針,,Picadura,Piqûre,Stich,Puntura,Ferroada,刺針
EABILITY_GRAPPLE_NAME,鎖喉,,Sujeción,Baston,Zupacken,Grappino,Agarrar,鎖喉
EABILITY_SHOOTGUN_NAME,開槍,,Disparo de arma,Tir de fusil,Revolver,Colpo di Pistola,Disparo de Arma,開槍
EABILITY_RELOAD_NAME,重新裝填,,Recarga,Recharge,Nachladen,Ricarica,Recarregamento,重新裝填
EABILITY_HUG_NAME,擁抱,,Abrazo,Câlin,Umarmung,Abbraccio,Abraço,擁抱
EABILITY_DROPCAT_NAME,掉落貓,,Gato suelto,Lâcher de chat,Katze fallen lassen,Rilascio del Gatto,Soltar Gato,掉落貓
EABILITY_CATSLAP_NAME,拍打貓,,Garfada felina,Baffe de chat,Katzenschlag,Schiaffo del Gatto,Tapa Felino,拍打貓
EABILITY_BIGSPIN_NAME,大旋轉,,Giro grande,Grand tour,Großer Wirbel,Grossa Rotazione,Grande Giro,大旋轉
EABILITY_RADIATE_NAME,輻射,,Radiación,Rayonnement,Ausstrahlen,Irradiazione,Irradiar,輻射
EABILITY_CRACKLE_NAME,噼啪聲,,Crujido,Crépitement,Knistern,Crepitio,Estalo,噼啪聲
EABILITY_BLESS_NAME,祝福,,Bendición,Grâce,Segnen,Benedizione,Abençoar,祝福
EABILITY_FEELGOODDRUGS_NAME,感受良藥,,Estimulantes,Drogues agréables,Das gute Zeug,Medicine del Buonumore,Drogas Boas,感受良藥
EABILITY_FEELBADDRUGS_NAME,感受惡藥,,Depresivos,Drogues désagréables,Das schlechte Zeug,Medicine del Malumore,Drogas Ruins,感受惡藥
EABILITY_RECHARGE_NAME,充能,,Recarga,Recharger,Aufladen,Alimentazione,Recarga,充能
EABILITY_KILLDOZE_NAME,殺戮重擊,,Devastación,Killdoze,Killdozer,Killdoze,Demolição Mortal,殺戮重擊
EABILITY_GUNKBALL_NAME,污泥球,,Bola de pringue,Boule de crasse,Schmierball,Palla di Poltiglia,Bola de Gosma,污泥球
EABILITY_TELEKENESIS_NAME,念動力,,Telequinesis,Télékinésie,Telekinese,Telecinesi,Telecinese,念動力
EABILITY_MINDCONTROL_NAME,精神控制,,Control mental,Contrôle psychique,Gedankenkontrolle,Controllo Mentale,Controle Mental,精神控制
EABILITY_MAGICMISSLE_NAME,魔法導彈,,Misil mágico,Missile magique,Magisches Geschoss,Missile Magico,Míssil Mágico,魔法導彈
EABILITY_MINDBLAST_NAME,心靈爆發,,Explosión mental,Frappe psychique,Gedankenexplosion,Esplosione Mentale,Explosão Mental,心靈爆發
EABILITY_MEGAMINDBLAST_NAME,超級心靈爆發,,Megaexplosión mental,Méga frappe psychique,Riesige Gedankenexplosion,Mega Esplosione Mentale,Mega Explosão Mental,超級心靈爆發
EABILITY_SPROUT_NAME,萌芽,,Verdugón,Pousse,Schössling,Germoglio,Broto,萌芽
EABILITY_QUAKEJUMP_NAME,地震跳躍,,Salto tembloroso,Saut sismique,Bebensprung,Salto Sismico,Pulo Terremoto,地震跳躍
EABILITY_HEALINGGAS_NAME,治療氣體,,Gas curativo,Gaz guérisseur,Heilgas,Gas Curativo,Gás Curativo,治療氣體
EABILITY_THORNUP_NAME,刺甲提升,,Espina lista,Pic et pic,Dornen hoch,Spina +,Espinhamento,刺甲提升
EABILITY_SHOT_NAME,射擊,,Tiro,Tir,Schuss,Colpo,Disparo,射擊
EABILITY_CONSUME_NAME,消耗！,,Consumo,Consommation,Konsumieren!,Consuma!,Consumir!,消耗！
EABILITY_PUKEWAVE_NAME,嘔吐波,,Onda vomitiva,Vague de vomi,Kotzwelle,Onda di Vomito,Onda de Vômito,嘔吐波
EABILITY_CRATERHOWL_NAME,火山口嚎叫！,,Alarido de cráter,Cri étourdissant,Kraterheuler!,Ululato di Cratere!,Uivo de Cratera!,火山口嚎叫！
EABILITY_RAMPAGE_NAME,狂暴！,,¡Desenfreno!,Tout saccager&nbsp;!,Randale!,Furia Distruttiva!,Tumulto!,狂暴！
EABILITY_FURY_NAME,狂怒,,Furia,Furie,Furie,Furore,Fúria,狂怒
EABILITY_HOTPOKE_NAME,熱刺,,Empujón caliente,Pichenette brûlante,Heißer Stich,Pizzico Bollente,Ferro Quente,熱刺
EABILITY_TUMORTHROW_NAME,腫瘤投擲,,Lanzamiento de tumor,Lancer tumoral,Tumorwurf,Lancio del Tumore,Lançamento de Tumor,腫瘤投擲
EABILITY_WHISPER_NAME,低語,,Susurro,Murmure,Flüstern,Sussurro,Sussurro,低語
EABILITY_TWISTINGFLAMES_NAME,扭曲火焰,,Llamas serpenteantes,Flammes ondulantes,Verdrehte Flammen,Fiamme Torcenti,Chamas Esvoaçantes,扭曲火焰
EABILITY_TUMORDASH_NAME,腫瘤衝刺,,Carrera tumoral,Charge tumorale,Tumoransturm,Scatto del Tumore,Impulso de Tumor,腫瘤衝刺
EABILITY_SPITLAVA_NAME,吐出熔岩,,Escupitajo de lava,Crachat de lave,Lava spucken,Sputa Lava,Cuspir Lava,吐出熔岩
EABILITY_ZORP_NAME,佐普,,Zorp,Zorp,Zorp,Zorp,Zorp,佐普
EABILITY_DETECT_NAME,偵測,,Detección,Détection,Aufspüren,Individuazione,Detecção,偵測
EABILITY_SHEILDSUP_NAME,護盾開啓,,Escudos listos,Levée de boucliers,Schilde hoch,Scudi +,Escudos Erguidos,護盾開啓
EABILITY_ANNIHILASER_NAME,殲滅激光,,Aniquiláser,Annihilaser,Vernichtungslaser,Annichilaser,Aniquilaser,殲滅激光
EABILITY_MDASH_NAME,M-衝刺,,Megacarrera,M-Impulsion,M-Ansturm,Scatto-M,Impulso-M,M-衝刺
EABILITY_BEAMIN_NAME,光束傳送,,Rayo fuera,Rayon,Reinbeamen,Teletrasporto,Raio Interno,光束傳送
EABILITY_MSHEILD_NAME,M-護盾,,Megaescudo,Bouclier-M,M-Schild,Scudo-M,Escudo-M,M-護盾
EABILITY_PRIMEBLAST_NAME,主爆炸,,Primera explosión,Explosion primordiale,Urknall,Esplosione Primaria,Explosão Primordial,主爆炸
EABILITY_HOWL_NAME,嚎叫,,Alarido,Hurlement,Heuler,Ululato,Uivar,嚎叫
EABILITY_CHARM_NAME,魅惑,,Embrujo,Envoûtement,Charme,Ammaliamento,Feitiço,魅惑
EABILITY_CERBERUBFLUB_NAME,Cerberub Flub,,Pifia de Cerberino,Bourde de cerbère moignon,Zerbussiflups,Flub di Decerbero,Erro de Cerberub,Cerberub Flub
EABILITY_MAUL_NAME,撕咬,,Vapuleo,Mutilation,Zerfleischen,Dilaniamento,Espancamento,撕咬
EABILITY_DEATH_NAME,死亡,,Muerte,Mort,Tod,Morte,Morte,死亡
EABILITY_PESTILENCE_NAME,瘟疫,,Pestilencia,Pestilence,Pestilenz,Pestilenza,Pestilência,瘟疫
EABILITY_FAMINE_NAME,饑荒,,Hambruna,Famine,Hungersnot,Carestia,Fome,饑荒
EABILITY_WAR_NAME,戰爭,,Guerra,Guerre,Krieg,Guerra,Guerra,戰爭
EABILITY_LUCIFER_NAME,路西法,,Lucifer,Lucifer,Luzifer,Lucifero,Lúcifer,路西法
EABILITY_PENTAGRAM_NAME,五角星,,Pentáculo,Pentagramme,Pentagramm,Pentagramma,Pentagrama,五角星
EABILITY_IMBUE_NAME,灌輸,,Impregnación,Imprégnation,Durchtränken,Infusione,Imbuir,灌輸
EABILITY_SHARDSOFICE_NAME,冰片,,Fragmentos de hielo,Éclats de glace,Eissplitter,Schegge di Ghiaccio,Fragmentos de Gelo,冰片
EABILITY_SNOW_NAME,雪,,Nieve,Neige,Schnee,Neve,Neve,雪
EABILITY_LIGHTNINGDASH_NAME,閃電衝刺,,Carrera relámpago,Charge électrique,Blitzansturm,Scatto Fulmineo,Impulso Elétrico,閃電衝刺
EABILITY_LIGHTNINGSTORM_NAME,閃電風暴,,Tormenta eléctrica,Tempête d'éclairs,Gewitter,Tempesta di Fulmini,Tempestade de Raios,閃電風暴
EABILITY_QUAKE_NAME,地震,,Temblor,Séisme,Erdbeben,Terremoto,Terremoto,地震
EABILITY_MOONMANCHARGE_NAME,:O,,:O,:O,:O,:O,:O,:O
EABILITY_CALLFORHELP_NAME,呼救,,Llamada de socorro,Appel à l'aide,Hilferuf,Richiesta di Aiuto,Pedido de Ajuda,呼救
EABILITY_FOOGABUNGA_NAME,Fooga Bunga,,Fooga Bunga,Fooga Bunga,Fugga Bunga,Fooga Bunga,Fooga Bunga,Fooga Bunga
EABILITY_POUNCE_NAME,撲擊,,Acometida,Bond,Anspringen,Guizzo,Agressão,撲擊
EABILITY_GRUKOOGMOOGA_NAME,格魯克 烏格 莫加,,¡Gruk oog mooga!,Gruk Oog Mooga,Gruk Uck Mugga,Gruk Oog Mooga,Gruk Oog Mooga,格魯克 烏格 莫加
EABILITY_ATOOKTHAGKAT_NAME,阿圖克 塔格 卡特,"""attack that cat"" in cave speak",Gato ñamñam,Atak sseu cha,Katza haun,Atak Que Gat,Atook Thag Kat,阿圖克 塔格 卡特
EABILITY_RAOOGFOOBA_NAME,拉歐格 弗巴,,¡Raoog fooba!,Raoog Fooba,Rauck Fubba,Raoog Fooba,Raoog Fooba,拉歐格 弗巴
EABILITY_ICEBREATH_NAME,冰息,,Aliento de hielo,Souffle de glace,Eisatem,Soffio di Ghiaccio,Hálito de Gelo,冰息
EABILITY_STAMPEDE_NAME,踩踏,,Estampida,Débandade,Stampede,Stampede,Debandada,踩踏
EABILITY_PUSH_NAME,推開,,Empellón,Poussée,Schubser,Spinta,Empurrão,推開
EABILITY_ROCKTOSS_NAME,擲石,,Lanzamiento de roca,Lancer de pierre,Steinwurf,Lancio di Pietra,Lançar Pedra,擲石
EABILITY_BOOGA_NAME,布加！,,¡Booga!,Booga&nbsp;!,Popl!,Booga!,Booga!,布加！
EABILITY_BLIZZARD_NAME,暴風雪,,Ventisca,Blizzard,Schneesturm,Valanga,Tempestade de Neve,暴風雪
EABILITY_FROSTBREATH_NAME,霜息,,Aliento de escarcha,Souffle de glace,Frostatem,Soffio Gelido,Hálito Gelado,霜息
EABILITY_PECK_NAME,啄擊,,Picoteo,Bise,Pikser,Beccata,Bicada,啄擊
EABILITY_BEFEHL_NAME,命令,"enemies and their abilities in the ""nazi robot future"" area have Germanglish names (german-english nonsense). These either shouldnt be translated, or you can hybridize them swapping the other language for the english portions (Ex, Überman -> Überhombre).",Befehl,Befehl,Befehl,Befehl,Befehl,命令
EABILITY_LASAGNEFLOPPEN_NAME,千層麪翻轉,lasagna flop (the enemy looks like garfield),Lasañafloppen,Lasagnefloppen,Lasagnefloppen,Lasagnafloppen,Lasagnefloppen,千層麪翻轉
EABILITY_FUTUREBOTEXECUTE_NAME,執行,,Ausführen,Ausführen,Hinrichten,Ausführen,Ausführen,執行
EABILITY_BEWEGEN_NAME,移動,,Bewegen,Bewegen,Marschbefehl,Bewegen,Bewegen,移動
EABILITY_BLITZKRIEG_NAME,閃電戰,,Blitzkrieg,Blitzkrieg,Blitzkrieg,Blitzkrieg,Blitzkrieg,閃電戰
EABILITY_DUMP_NAME,投擲,,Evacuación,Excrément,Häufchen,Scarica,Despejo,投擲
EABILITY_LOOGIE_NAME,鼻涕蟲,,Gargajo,Mollard,Rotze,Catarro,Focinho,鼻涕蟲
EABILITY_POSSESS_NAME,附身,,Posesión,Possession,Besitz ergreifen,Possessione,Possuir,附身
EABILITY_REANIMATE_NAME,復活,,Reanimación,Retour à la vie,Reanimation,Rianimazione,Reanimar,復活
EABILITY_PREDICT_NAME,預測,,Predicción,Prédiction,Vorhersehen,Predizione,Predição,預測
EABILITY_DISABLE_NAME,禁用,,Deshabilitación,Désactivation,Deaktivieren,Disabilitazione,Desabilitar,禁用
EABILITY_STOPHITTINGYOURSELF_NAME,停止自殘,,No autolesionarse,Arrête de te taper,"Hör auf, dich selbst zu schlagen",Smettila di Colpirti,Pare de se Bater,停止自殘
EABILITY_PROTECT_NAME,保護,,Protección,Protection,Schützen,Protezione,Proteção,保護
EABILITY_CRASH_NAME,崩潰,,Colisión,Collision,Absturz,Scontro,Batida,崩潰
EABILITY_HOLYLIGHT_NAME,聖光,,Luz sagrada,Lumière sainte,Heiliges Licht,Luce Sacra,Luz Sagrada,聖光
EABILITY_REVIVE_NAME,復活,,Resucitación,Réanimation,Wiederbeleben,Risuscitazione,Reviver,復活
EABILITY_ALLURE_NAME,魅力,,Atracción,Attrait,Reiz,Fascino,Atração,魅力
EABILITY_POISONKISS_NAME,毒吻,,Beso venenoso,Baiser empoisonné,Giftkuss,Bacio Avvelenato,Beijo Venenoso,毒吻
EABILITY_HOLYWIND_NAME,聖風,,Viento sagrado,Vent sacré,Heiliger Wind,Vento Sacro,Vento Sagrado,聖風
EABILITY_ABSORBSOUL_NAME,吸取靈魂,,Absorción de alma,Absorption d'âme,Seele absorbieren,Assorbimento dell'Anima,Absorver Alma,吸取靈魂
EABILITY_DEFECATE_NAME,排便,,Defecación,Défécation,Koten,Defecazione,Defecar,排便
EABILITY_LEAP_NAME,跳躍,,Brinco,Saut,Sprung,Balzo,Salto,跳躍
EABILITY_LIGHTNINGBURST_NAME,閃電爆發,,Ráfaga de rayos,Explosion électrique,Blitzausbruch,Esplosione di Fulmini,Explosão Elétrica,閃電爆發
EABILITY_BRAMBLESHOT_NAME,荊棘射擊,,Tiro de zarzas,Tir épineux,Dornenschuss,Colpo di Rovi,Disparo de Espinheiro,荊棘射擊
,,,,,,,,
,,,,,,,,
,,,,,,,,
,,,,,,,,
,,,,,,,,
,,,,,,,,
,,,,,,,,
,,,,,,,,
,,,,,,,,
,,,,,,,,
,,,,,,,,
,,,,,,,,
,,,,,,,,
,,,,,,,,
,,,,,,,,
,,,,,,,,
,,,,,,,,
,,,,,,,,
,,,,,,,,
,,,,,,,,
,,,,,,,,
,,,,,,,,
,,,,,,,,
,,,,,,,,
,,,,,,,,
,,,,,,,,
,,,,,,,,
,,,,,,,,
,,,,,,,,
,,,,,,,,
,,,,,,,,
,,,,,,,,
,,,,,,,,
,,,,,,,,
,,,,,,,,
,,,,,,,,
,,,,,,,,
,,,,,,,,
,,,,,,,,
,,,,,,,,
,,,,,,,,
,,,,,,,,
,,,,,,,,
,,,,,,,,
,,,,,,,,
,,,,,,,,
,,,,,,,,
,,,,,,,,
,,,,,,,,
,,,,,,,,
,,,,,,,,
,,,,,,,,
,,,,,,,,
,,,,,,,,
,,,,,,,,
,,,,,,,,
,,,,,,,,
,,,,,,,,
,,,,,,,,
,,,,,,,,
,,,,,,,,
,,,,,,,,
,,,,,,,,
,,,,,,,,
,,,,,,,,
,,,,,,,,
,,,,,,,,
,,,,,,,,
,,,,,,,,
,,,,,,,,
,,,,,,,,
,,,,,,,,
,,,,,,,,
,,,,,,,,
,,,,,,,,
,,,,,,,,
,,,,,,,,
,,,,,,,,
,,,,,,,,
,,,,,,,,
,,,,,,,,
,,,,,,,,
,,,,,,,,
,,,,,,,,
,,,,,,,,
,,,,,,,,
,,,,,,,,
,,,,,,,,
,,,,,,,,
,,,,,,,,
,,,,,,,,
,,,,,,,,
,,,,,,,,
,,,,,,,,
,,,,,,,,
,,,,,,,,
,,,,,,,,
,,,,,,,,
,,,,,,,,
,,,,,,,,
,,,,,,,,
,,,,,,,,
,,,,,,,,
,,,,,,,,
,,,,,,,,
,,,,,,,,
,,,,,,,,
,,,,,,,,
,,,,,,,,
,,,,,,,,
,,,,,,,,
,,,,,,,,
,,,,,,,,
,,,,,,,,
,,,,,,,,
,,,,,,,,
,,,,,,,,
,,,,,,,,
,,,,,,,,
,,,,,,,,
,,,,,,,,
,,,,,,,,
,,,,,,,,
,,,,,,,,
,,,,,,,,
,,,,,,,,
,,,,,,,,
,,,,,,,,
,,,,,,,,
,,,,,,,,
,,,,,,,,
,,,,,,,,
,,,,,,,,
,,,,,,,,
,,,,,,,,
,,,,,,,,
,,,,,,,,
,,,,,,,,
,,,,,,,,
,,,,,,,,
,,,,,,,,
,,,,,,,,
,,,,,,,,
,,,,,,,,
,,,,,,,,
,,,,,,,,
,,,,,,,,
,,,,,,,,
,,,,,,,,
,,,,,,,,
,,,,,,,,
,,,,,,,,
,,,,,,,,
,,,,,,,,
,,,,,,,,
,,,,,,,,
,,,,,,,,
,,,,,,,,
,,,,,,,,
,,,,,,,,
,,,,,,,,
,,,,,,,,
,,,,,,,,
,,,,,,,,
,,,,,,,,
,,,,,,,,
,,,,,,,,
,,,,,,,,
,,,,,,,,
,,,,,,,,
,,,,,,,,
,,,,,,,,
,,,,,,,,
,,,,,,,,
,,,,,,,,
,,,,,,,,
,,,,,,,,
,,,,,,,,
,,,,,,,,
,,,,,,,,
,,,,,,,,
,,,,,,,,
,,,,,,,,
,,,,,,,,
,,,,,,,,
,,,,,,,,
,,,,,,,,
,,,,,,,,
,,,,,,,,
,,,,,,,,
,,,,,,,,
,,,,,,,,
,,,,,,,,
,,,,,,,,
,,,,,,,,
,,,,,,,,
,,,,,,,,
,,,,,,,,
,,,,,,,,
,,,,,,,,
,,,,,,,,
,,,,,,,,
,,,,,,,,
,,,,,,,,
,,,,,,,,
,,,,,,,,
,,,,,,,,
,,,,,,,,
,,,,,,,,
,,,,,,,,
,,,,,,,,
,,,,,,,,
,,,,,,,,
,,,,,,,,
,,,,,,,,
,,,,,,,,
,,,,,,,,
,,,,,,,,
,,,,,,,,
,,,,,,,,
,,,,,,,,
,,,,,,,,
,,,,,,,,
,,,,,,,,
,,,,,,,,
,,,,,,,,
,,,,,,,,
,,,,,,,,
,,,,,,,,
,,,,,,,,
,,,,,,,,
,,,,,,,,
,,,,,,,,
,,,,,,,,
,,,,,,,,
,,,,,,,,
,,,,,,,,
,,,,,,,,
,,,,,,,,
,,,,,,,,
,,,,,,,,
,,,,,,,,
,,,,,,,,
,,,,,,,,
,,,,,,,,
,,,,,,,,
,,,,,,,,
,,,,,,,,
,,,,,,,,
,,,,,,,,
,,,,,,,,
,,,,,,,,
,,,,,,,,
,,,,,,,,
,,,,,,,,
,,,,,,,,
,,,,,,,,
,,,,,,,,
,,,,,,,,
,,,,,,,,
,,,,,,,,
,,,,,,,,
,,,,,,,,
,,,,,,,,
,,,,,,,,
,,,,,,,,
,,,,,,,,
,,,,,,,,
,,,,,,,,
,,,,,,,,
,,,,,,,,
,,,,,,,,
,,,,,,,,
,,,,,,,,
,,,,,,,,
,,,,,,,,
,,,,,,,,
,,,,,,,,
,,,,,,,,
,,,,,,,,
,,,,,,,,
,,,,,,,,
,,,,,,,,
,,,,,,,,
,,,,,,,,
,,,,,,,,
,,,,,,,,
,,,,,,,,
,,,,,,,,
,,,,,,,,
,,,,,,,,
,,,,,,,,
,,,,,,,,
,,,,,,,,
,,,,,,,,
,,,,,,,,
,,,,,,,,
,,,,,,,,
,,,,,,,,
,,,,,,,,
,,,,,,,,
,,,,,,,,
,,,,,,,,
,,,,,,,,
,,,,,,,,
,,,,,,,,
,,,,,,,,
,,,,,,,,
,,,,,,,,
,,,,,,,,
,,,,,,,,
,,,,,,,,
,,,,,,,,
,,,,,,,,
,,,,,,,,
,,,,,,,,
,,,,,,,,
,,,,,,,,
,,,,,,,,
,,,,,,,,
,,,,,,,,
,,,,,,,,
,,,,,,,,
,,,,,,,,
,,,,,,,,
,,,,,,,,
,,,,,,,,
,,,,,,,,
,,,,,,,,
,,,,,,,,
,,,,,,,,
,,,,,,,,
,,,,,,,,
,,,,,,,,
,,,,,,,,
,,,,,,,,
,,,,,,,,
,,,,,,,,
,,,,,,,,
,,,,,,,,
,,,,,,,,
,,,,,,,,
,,,,,,,,
,,,,,,,,
,,,,,,,,
,,,,,,,,
,,,,,,,,
,,,,,,,,
,,,,,,,,
,,,,,,,,
,,,,,,,,
,,,,,,,,
,,,,,,,,
,,,,,,,,
,,,,,,,,
,,,,,,,,
,,,,,,,,
,,,,,,,,
,,,,,,,,
,,,,,,,,
,,,,,,,,
,,,,,,,,
,,,,,,,,
,,,,,,,,
,,,,,,,,
,,,,,,,,
,,,,,,,,
,,,,,,,,
,,,,,,,,
,,,,,,,,
,,,,,,,,
,,,,,,,,
,,,,,,,,
,,,,,,,,
,,,,,,,,
,,,,,,,,
,,,,,,,,
,,,,,,,,
,,,,,,,,
,,,,,,,,
,,,,,,,,
,,,,,,,,
,,,,,,,,
,,,,,,,,
,,,,,,,,
,,,,,,,,
,,,,,,,,
,,,,,,,,
,,,,,,,,
,,,,,,,,
,,,,,,,,
,,,,,,,,
,,,,,,,,
,,,,,,,,
,,,,,,,,
,,,,,,,,
,,,,,,,,
,,,,,,,,
,,,,,,,,
,,,,,,,,
,,,,,,,,
,,,,,,,,
,,,,,,,,
,,,,,,,,
,,,,,,,,
,,,,,,,,
,,,,,,,,
,,,,,,,,
,,,,,,,,
,,,,,,,,
,,,,,,,,
,,,,,,,,
,,,,,,,,
,,,,,,,,
,,,,,,,,
,,,,,,,,
,,,,,,,,
,,,,,,,,
,,,,,,,,
,,,,,,,,
,,,,,,,,
,,,,,,,,
,,,,,,,,
,,,,,,,,
,,,,,,,,
,,,,,,,,
,,,,,,,,
,,,,,,,,
,,,,,,,,
,,,,,,,,
,,,,,,,,
,,,,,,,,
,,,,,,,,
,,,,,,,,
,,,,,,,,
,,,,,,,,
,,,,,,,,
,,,,,,,,
,,,,,,,,
,,,,,,,,
,,,,,,,,
,,,,,,,,
,,,,,,,,
,,,,,,,,
,,,,,,,,
,,,,,,,,
,,,,,,,,
,,,,,,,,
,,,,,,,,
,,,,,,,,
,,,,,,,,
,,,,,,,,
,,,,,,,,
,,,,,,,,
,,,,,,,,
,,,,,,,,
,,,,,,,,
,,,,,,,,
,,,,,,,,
,,,,,,,,
,,,,,,,,
,,,,,,,,
,,,,,,,,
,,,,,,,,
,,,,,,,,
,,,,,,,,
,,,,,,,,
,,,,,,,,
,,,,,,,,
,,,,,,,,
,,,,,,,,
,,,,,,,,
,,,,,,,,
,,,,,,,,
,,,,,,,,
,,,,,,,,
,,,,,,,,
,,,,,,,,
,,,,,,,,
,,,,,,,,
,,,,,,,,
,,,,,,,,
,,,,,,,,
,,,,,,,,
,,,,,,,,
,,,,,,,,
,,,,,,,,
,,,,,,,,
,,,,,,,,
,,,,,,,,
,,,,,,,,
,,,,,,,,
,,,,,,,,
,,,,,,,,
,,,,,,,,
,,,,,,,,
,,,,,,,,
,,,,,,,,
,,,,,,,,
,,,,,,,,
,,,,,,,,
,,,,,,,,
,,,,,,,,
,,,,,,,,
,,,,,,,,
,,,,,,,,
,,,,,,,,
,,,,,,,,
,,,,,,,,
,,,,,,,,
,,,,,,,,
,,,,,,,,
,,,,,,,,
,,,,,,,,
,,,,,,,,
,,,,,,,,
,,,,,,,,
,,,,,,,,
,,,,,,,,
,,,,,,,,
,,,,,,,,
,,,,,,,,
,,,,,,,,
,,,,,,,,
,,,,,,,,
,,,,,,,,
,,,,,,,,
,,,,,,,,
,,,,,,,,
,,,,,,,,
,,,,,,,,
,,,,,,,,
,,,,,,,,
,,,,,,,,
,,,,,,,,
,,,,,,,,
,,,,,,,,
,,,,,,,,
,,,,,,,,
,,,,,,,,
,,,,,,,,
,,,,,,,,
,,,,,,,,
,,,,,,,,
,,,,,,,,
,,,,,,,,
,,,,,,,,
,,,,,,,,
,,,,,,,,
,,,,,,,,
,,,,,,,,
,,,,,,,,
,,,,,,,,
,,,,,,,,
,,,,,,,,
,,,,,,,,
,,,,,,,,
,,,,,,,,
,,,,,,,,
,,,,,,,,
,,,,,,,,
,,,,,,,,
,,,,,,,,
,,,,,,,,
,,,,,,,,
,,,,,,,,
,,,,,,,,
,,,,,,,,
,,,,,,,,
,,,,,,,,
,,,,,,,,
,,,,,,,,
,,,,,,,,
,,,,,,,,
,,,,,,,,
,,,,,,,,
,,,,,,,,
,,,,,,,,
,,,,,,,,
,,,,,,,,
,,,,,,,,
,,,,,,,,
,,,,,,,,
,,,,,,,,
,,,,,,,,
,,,,,,,,
,,,,,,,,
,,,,,,,,
,,,,,,,,
,,,,,,,,
,,,,,,,,
,,,,,,,,
,,,,,,,,
,,,,,,,,
,,,,,,,,
,,,,,,,,
,,,,,,,,
,,,,,,,,
,,,,,,,,
,,,,,,,,
,,,,,,,,
,,,,,,,,
,,,,,,,,
,,,,,,,,
,,,,,,,,
,,,,,,,,
,,,,,,,,
,,,,,,,,
,,,,,,,,
,,,,,,,,
,,,,,,,,
,,,,,,,,
,,,,,,,,
,,,,,,,,
,,,,,,,,
,,,,,,,,
,,,,,,,,
,,,,,,,,
,,,,,,,,
,,,,,,,,
,,,,,,,,
,,,,,,,,
,,,,,,,,
,,,,,,,,
,,,,,,,,
,,,,,,,,
,,,,,,,,
,,,,,,,,
,,,,,,,,
,,,,,,,,
,,,,,,,,
,,,,,,,,
,,,,,,,,
,,,,,,,,
,,,,,,,,
,,,,,,,,
,,,,,,,,
,,,,,,,,
,,,,,,,,
,,,,,,,,
,,,,,,,,
,,,,,,,,
,,,,,,,,
,,,,,,,,
,,,,,,,,
,,,,,,,,
,,,,,,,,
,,,,,,,,
,,,,,,,,
,,,,,,,,
,,,,,,,,
,,,,,,,,
,,,,,,,,
,,,,,,,,
,,,,,,,,
,,,,,,,,
,,,,,,,,
,,,,,,,,
,,,,,,,,
,,,,,,,,
,,,,,,,,
,,,,,,,,
,,,,,,,,
,,,,,,,,
,,,,,,,,
,,,,,,,,
,,,,,,,,
,,,,,,,,
,,,,,,,,
,,,,,,,,
,,,,,,,,
,,,,,,,,
,,,,,,,,
,,,,,,,,
,,,,,,,,
,,,,,,,,
,,,,,,,,
,,,,,,,,
,,,,,,,,
,,,,,,,,
,,,,,,,,
,,,,,,,,
,,,,,,,,
,,,,,,,,
,,,,,,,,
,,,,,,,,
,,,,,,,,
,,,,,,,,
,,,,,,,,
,,,,,,,,
,,,,,,,,
,,,,,,,,
,,,,,,,,
,,,,,,,,
,,,,,,,,
,,,,,,,,
,,,,,,,,
,,,,,,,,
,,,,,,,,
,,,,,,,,
,,,,,,,,
,,,,,,,,
,,,,,,,,
,,,,,,,,
,,,,,,,,
,,,,,,,,
,,,,,,,,
,,,,,,,,
,,,,,,,,
,,,,,,,,
,,,,,,,,
,,,,,,,,
,,,,,,,,
,,,,,,,,
,,,,,,,,
,,,,,,,,
,,,,,,,,
,,,,,,,,
,,,,,,,,
,,,,,,,,
,,,,,,,,
,,,,,,,,
,,,,,,,,
,,,,,,,,
,,,,,,,,
,,,,,,,,
,,,,,,,,
,,,,,,,,
,,,,,,,,
,,,,,,,,
,,,,,,,,
,,,,,,,,
,,,,,,,,
,,,,,,,,
,,,,,,,,
,,,,,,,,
,,,,,,,,
,,,,,,,,
,,,,,,,,
,,,,,,,,
,,,,,,,,
,,,,,,,,
,,,,,,,,
,,,,,,,,
,,,,,,,,
,,,,,,,,
,,,,,,,,
,,,,,,,,
,,,,,,,,
,,,,,,,,
,,,,,,,,
,,,,,,,,
,,,,,,,,
,,,,,,,,
,,,,,,,,
,,,,,,,,
,,,,,,,,
,,,,,,,,
,,,,,,,,
,,,,,,,,
,,,,,,,,
,,,,,,,,
,,,,,,,,
,,,,,,,,
,,,,,,,,
,,,,,,,,
,,,,,,,,
,,,,,,,,
,,,,,,,,
,,,,,,,,
,,,,,,,,
,,,,,,,,
,,,,,,,,
,,,,,,,,
,,,,,,,,
,,,,,,,,
,,,,,,,,
,,,,,,,,
,,,,,,,,
,,,,,,,,
,,,,,,,,
,,,,,,,,
,,,,,,,,
,,,,,,,,
,,,,,,,,
,,,,,,,,
,,,,,,,,
,,,,,,,,
,,,,,,,,
,,,,,,,,
,,,,,,,,
,,,,,,,,
,,,,,,,,
,,,,,,,,
,,,,,,,,
,,,,,,,,
,,,,,,,,
,,,,,,,,
,,,,,,,,
,,,,,,,,
,,,,,,,,
,,,,,,,,
,,,,,,,,
,,,,,,,,
,,,,,,,,
,,,,,,,,
,,,,,,,,
,,,,,,,,
,,,,,,,,
,,,,,,,,
,,,,,,,,
,,,,,,,,
,,,,,,,,
,,,,,,,,
,,,,,,,,
,,,,,,,,
,,,,,,,,
,,,,,,,,
,,,,,,,,
,,,,,,,,
,,,,,,,,
,,,,,,,,
,,,,,,,,
,,,,,,,,
,,,,,,,,
,,,,,,,,
,,,,,,,,
,,,,,,,,
,,,,,,,,
,,,,,,,,
,,,,,,,,
,,,,,,,,
,,,,,,,,
,,,,,,,,
,,,,,,,,
,,,,,,,,
,,,,,,,,
,,,,,,,,
,,,,,,,,
,,,,,,,,
,,,,,,,,
,,,,,,,,
,,,,,,,,
,,,,,,,,
,,,,,,,,
,,,,,,,,
,,,,,,,,
,,,,,,,,
,,,,,,,,
,,,,,,,,
,,,,,,,,
,,,,,,,,
,,,,,,,,
,,,,,,,,
,,,,,,,,
,,,,,,,,
,,,,,,,,
,,,,,,,,
,,,,,,,,
,,,,,,,,
,,,,,,,,
,,,,,,,,
,,,,,,,,
,,,,,,,,
,,,,,,,,
,,,,,,,,
,,,,,,,,
,,,,,,,,
,,,,,,,,
,,,,,,,,
,,,,,,,,
,,,,,,,,
,,,,,,,,
,,,,,,,,
,,,,,,,,
,,,,,,,,
,,,,,,,,
,,,,,,,,
,,,,,,,,
,,,,,,,,
,,,,,,,,
,,,,,,,,
,,,,,,,,
,,,,,,,,
,,,,,,,,
,,,,,,,,
,,,,,,,,
,,,,,,,,
,,,,,,,,
,,,,,,,,
,,,,,,,,
,,,,,,,,
,,,,,,,,
,,,,,,,,
,,,,,,,,
,,,,,,,,
,,,,,,,,
,,,,,,,,
,,,,,,,,
,,,,,,,,
,,,,,,,,
,,,,,,,,
,,,,,,,,
,,,,,,,,
,,,,,,,,
,,,,,,,,
,,,,,,,,
,,,,,,,,
,,,,,,,,
,,,,,,,,
,,,,,,,,
,,,,,,,,
,,,,,,,,
,,,,,,,,
,,,,,,,,
,,,,,,,,
,,,,,,,,
,,,,,,,,
,,,,,,,,
,,,,,,,,
,,,,,,,,
,,,,,,,,
,,,,,,,,
,,,,,,,,
,,,,,,,,
,,,,,,,,
,,,,,,,,
,,,,,,,,
,,,,,,,,
,,,,,,,,
,,,,,,,,
,,,,,,,,
,,,,,,,,
,,,,,,,,
,,,,,,,,
,,,,,,,,
,,,,,,,,
,,,,,,,,
,,,,,,,,
,,,,,,,,
,,,,,,,,
,,,,,,,,
,,,,,,,,
,,,,,,,,
,,,,,,,,
,,,,,,,,
,,,,,,,,
,,,,,,,,
,,,,,,,,
,,,,,,,,
,,,,,,,,
,,,,,,,,
,,,,,,,,
,,,,,,,,
,,,,,,,,
,,,,,,,,
,,,,,,,,
,,,,,,,,
,,,,,,,,
,,,,,,,,
,,,,,,,,
,,,,,,,,
,,,,,,,,
,,,,,,,,
,,,,,,,,
,,,,,,,,
,,,,,,,,
,,,,,,,,
,,,,,,,,
,,,,,,,,
,,,,,,,,
,,,,,,,,
,,,,,,,,
,,,,,,,,
,,,,,,,,
,,,,,,,,
,,,,,,,,
,,,,,,,,
,,,,,,,,
,,,,,,,,
,,,,,,,,
,,,,,,,,
,,,,,,,,
,,,,,,,,
,,,,,,,,
,,,,,,,,
,,,,,,,,
,,,,,,,,
,,,,,,,,
,,,,,,,,
,,,,,,,,
,,,,,,,,
,,,,,,,,
,,,,,,,,
,,,,,,,,
,,,,,,,,
,,,,,,,,
,,,,,,,,
,,,,,,,,
,,,,,,,,
,,,,,,,,
,,,,,,,,
,,,,,,,,
,,,,,,,,
,,,,,,,,
,,,,,,,,
,,,,,,,,
,,,,,,,,
,,,,,,,,
,,,,,,,,
,,,,,,,,
,,,,,,,,
,,,,,,,,
,,,,,,,,
,,,,,,,,
,,,,,,,,
,,,,,,,,
,,,,,,,,
,,,,,,,,
,,,,,,,,
,,,,,,,,
,,,,,,,,
,,,,,,,,
,,,,,,,,
,,,,,,,,
,,,,,,,,
,,,,,,,,
,,,,,,,,
,,,,,,,,
,,,,,,,,
,,,,,,,,
,,,,,,,,
,,,,,,,,
,,,,,,,,
,,,,,,,,
,,,,,,,,
,,,,,,,,
,,,,,,,,
,,,,,,,,
,,,,,,,,
,,,,,,,,
,,,,,,,,
,,,,,,,,
,,,,,,,,
,,,,,,,,
,,,,,,,,
,,,,,,,,
,,,,,,,,
,,,,,,,,
,,,,,,,,
,,,,,,,,
,,,,,,,,
,,,,,,,,
,,,,,,,,
,,,,,,,,
,,,,,,,,
,,,,,,,,
,,,,,,,,
,,,,,,,,
,,,,,,,,
,,,,,,,,
,,,,,,,,
,,,,,,,,
,,,,,,,,
,,,,,,,,
,,,,,,,,
,,,,,,,,
,,,,,,,,
,,,,,,,,
,,,,,,,,
,,,,,,,,
,,,,,,,,
,,,,,,,,
,,,,,,,,
,,,,,,,,
,,,,,,,,
,,,,,,,,
,,,,,,,,
,,,,,,,,
,,,,,,,,
,,,,,,,,
,,,,,,,,
,,,,,,,,
,,,,,,,,
,,,,,,,,
,,,,,,,,
,,,,,,,,
,,,,,,,,
,,,,,,,,
,,,,,,,,
,,,,,,,,
,,,,,,,,
,,,,,,,,
,,,,,,,,
,,,,,,,,
,,,,,,,,
,,,,,,,,
,,,,,,,,
,,,,,,,,
,,,,,,,,
,,,,,,,,
,,,,,,,,
,,,,,,,,
,,,,,,,,
,,,,,,,,
,,,,,,,,
,,,,,,,,
,,,,,,,,
,,,,,,,,
,,,,,,,,
,,,,,,,,
,,,,,,,,
,,,,,,,,
,,,,,,,,
,,,,,,,,
,,,,,,,,
,,,,,,,,
,,,,,,,,
,,,,,,,,
,,,,,,,,
,,,,,,,,
,,,,,,,,
,,,,,,,,
,,,,,,,,
,,,,,,,,
,,,,,,,,
,,,,,,,,
,,,,,,,,
,,,,,,,,
,,,,,,,,
,,,,,,,,
,,,,,,,,
,,,,,,,,
,,,,,,,,
,,,,,,,,
,,,,,,,,
,,,,,,,,
,,,,,,,,
,,,,,,,,
,,,,,,,,
,,,,,,,,
,,,,,,,,
,,,,,,,,
,,,,,,,,
,,,,,,,,
,,,,,,,,
,,,,,,,,
,,,,,,,,
,,,,,,,,
,,,,,,,,
,,,,,,,,
,,,,,,,,
,,,,,,,,
,,,,,,,,
,,,,,,,,
,,,,,,,,
,,,,,,,,
,,,,,,,,
,,,,,,,,
,,,,,,,,
,,,,,,,,
,,,,,,,,
,,,,,,,,
,,,,,,,,
,,,,,,,,
,,,,,,,,
,,,,,,,,
,,,,,,,,
,,,,,,,,
,,,,,,,,
,,,,,,,,
,,,,,,,,
,,,,,,,,
,,,,,,,,
,,,,,,,,
,,,,,,,,
,,,,,,,,
,,,,,,,,
,,,,,,,,
,,,,,,,,
,,,,,,,,
,,,,,,,,
,,,,,,,,
,,,,,,,,
,,,,,,,,
,,,,,,,,
,,,,,,,,
,,,,,,,,
,,,,,,,,
,,,,,,,,
,,,,,,,,
,,,,,,,,
,,,,,,,,
,,,,,,,,
,,,,,,,,
,,,,,,,,
,,,,,,,,
,,,,,,,,
,,,,,,,,
,,,,,,,,
,,,,,,,,
,,,,,,,,
,,,,,,,,
,,,,,,,,
,,,,,,,,
,,,,,,,,
,,,,,,,,
,,,,,,,,
,,,,,,,,
,,,,,,,,
,,,,,,,,
,,,,,,,,
,,,,,,,,
,,,,,,,,
,,,,,,,,
,,,,,,,,
,,,,,,,,
,,,,,,,,
,,,,,,,,
,,,,,,,,
,,,,,,,,
,,,,,,,,
,,,,,,,,
,,,,,,,,
,,,,,,,,
,,,,,,,,
,,,,,,,,
,,,,,,,,
,,,,,,,,
,,,,,,,,
,,,,,,,,
,,,,,,,,
,,,,,,,,
,,,,,,,,
,,,,,,,,
,,,,,,,,
,,,,,,,,
,,,,,,,,
,,,,,,,,
,,,,,,,,
,,,,,,,,
,,,,,,,,
,,,,,,,,
,,,,,,,,
,,,,,,,,
,,,,,,,,
,,,,,,,,
,,,,,,,,
,,,,,,,,
,,,,,,,,
,,,,,,,,
,,,,,,,,
,,,,,,,,
,,,,,,,,
,,,,,,,,
,,,,,,,,
,,,,,,,,
,,,,,,,,
,,,,,,,,
,,,,,,,,
,,,,,,,,
,,,,,,,,
,,,,,,,,
,,,,,,,,
,,,,,,,,
,,,,,,,,
,,,,,,,,
,,,,,,,,
,,,,,,,,
,,,,,,,,
,,,,,,,,
,,,,,,,,
,,,,,,,,
,,,,,,,,
,,,,,,,,
,,,,,,,,
,,,,,,,,
,,,,,,,,
,,,,,,,,
,,,,,,,,
,,,,,,,,
,,,,,,,,
,,,,,,,,
,,,,,,,,
,,,,,,,,
,,,,,,,,
,,,,,,,,
,,,,,,,,
,,,,,,,,
,,,,,,,,
,,,,,,,,
,,,,,,,,
,,,,,,,,
,,,,,,,,
,,,,,,,,
,,,,,,,,
,,,,,,,,
,,,,,,,,
,,,,,,,,
,,,,,,,,
,,,,,,,,
,,,,,,,,
,,,,,,,,
,,,,,,,,
,,,,,,,,
,,,,,,,,
,,,,,,,,
,,,,,,,,
,,,,,,,,
,,,,,,,,
,,,,,,,,
,,,,,,,,
,,,,,,,,
,,,,,,,,
,,,,,,,,
,,,,,,,,
,,,,,,,,
,,,,,,,,
,,,,,,,,
,,,,,,,,
,,,,,,,,
,,,,,,,,
,,,,,,,,
,,,,,,,,
,,,,,,,,
,,,,,,,,
,,,,,,,,
,,,,,,,,
,,,,,,,,
,,,,,,,,
,,,,,,,,
,,,,,,,,
,,,,,,,,
,,,,,,,,
,,,,,,,,
,,,,,,,,
,,,,,,,,
,,,,,,,,
,,,,,,,,
,,,,,,,,
,,,,,,,,
,,,,,,,,
,,,,,,,,
,,,,,,,,
,,,,,,,,
,,,,,,,,
,,,,,,,,
,,,,,,,,
,,,,,,,,
,,,,,,,,
,,,,,,,,
,,,,,,,,
,,,,,,,,
,,,,,,,,
,,,,,,,,
,,,,,,,,
,,,,,,,,
,,,,,,,,
,,,,,,,,
,,,,,,,,
,,,,,,,,
,,,,,,,,
,,,,,,,,
,,,,,,,,
,,,,,,,,
,,,,,,,,
,,,,,,,,
,,,,,,,,
,,,,,,,,
,,,,,,,,
,,,,,,,,
,,,,,,,,
,,,,,,,,
,,,,,,,,
,,,,,,,,
,,,,,,,,
,,,,,,,,
,,,,,,,,
,,,,,,,,
,,,,,,,,
,,,,,,,,
,,,,,,,,
,,,,,,,,
,,,,,,,,
,,,,,,,,
,,,,,,,,
,,,,,,,,
,,,,,,,,
,,,,,,,,
,,,,,,,,
,,,,,,,,
,,,,,,,,
,,,,,,,,
,,,,,,,,
,,,,,,,,
,,,,,,,,
,,,,,,,,
,,,,,,,,
,,,,,,,,
,,,,,,,,
,,,,,,,,
,,,,,,,,
,,,,,,,,
,,,,,,,,
,,,,,,,,
,,,,,,,,
,,,,,,,,
,,,,,,,,
,,,,,,,,
,,,,,,,,
,,,,,,,,
,,,,,,,,
,,,,,,,,
,,,,,,,,
,,,,,,,,
,,,,,,,,
,,,,,,,,
,,,,,,,,
,,,,,,,,
,,,,,,,,
,,,,,,,,
,,,,,,,,
,,,,,,,,
,,,,,,,,
,,,,,,,,
,,,,,,,,
,,,,,,,,
,,,,,,,,
,,,,,,,,
,,,,,,,,
,,,,,,,,
,,,,,,,,
,,,,,,,,
,,,,,,,,
,,,,,,,,
,,,,,,,,
,,,,,,,,
,,,,,,,,
,,,,,,,,
,,,,,,,,
,,,,,,,,
,,,,,,,,
,,,,,,,,
,,,,,,,,
,,,,,,,,
,,,,,,,,
,,,,,,,,
,,,,,,,,
,,,,,,,,
,,,,,,,,
,,,,,,,,
,,,,,,,,
,,,,,,,,
,,,,,,,,
,,,,,,,,
,,,,,,,,
,,,,,,,,
,,,,,,,,
,,,,,,,,
,,,,,,,,
,,,,,,,,
,,,,,,,,
,,,,,,,,
,,,,,,,,
,,,,,,,,
,,,,,,,,
,,,,,,,,
,,,,,,,,
,,,,,,,,
,,,,,,,,
,,,,,,,,
,,,,,,,,
,,,,,,,,
,,,,,,,,
,,,,,,,,
,,,,,,,,
,,,,,,,,
,,,,,,,,
,,,,,,,,
,,,,,,,,
,,,,,,,,
,,,,,,,,
,,,,,,,,
,,,,,,,,
,,,,,,,,
,,,,,,,,
,,,,,,,,
,,,,,,,,
,,,,,,,,
,,,,,,,,
,,,,,,,,
,,,,,,,,
,,,,,,,,
,,,,,,,,
,,,,,,,,
,,,,,,,,
,,,,,,,,
,,,,,,,,
,,,,,,,,
,,,,,,,,
,,,,,,,,
,,,,,,,,
,,,,,,,,
,,,,,,,,
,,,,,,,,
,,,,,,,,
,,,,,,,,
,,,,,,,,
,,,,,,,,
,,,,,,,,
,,,,,,,,
,,,,,,,,
,,,,,,,,
,,,,,,,,
,,,,,,,,
,,,,,,,,
,,,,,,,,
,,,,,,,,
,,,,,,,,
,,,,,,,,
,,,,,,,,
,,,,,,,,
,,,,,,,,
,,,,,,,,
,,,,,,,,
,,,,,,,,
,,,,,,,,
,,,,,,,,
,,,,,,,,
,,,,,,,,
,,,,,,,,
,,,,,,,,
,,,,,,,,
,,,,,,,,
,,,,,,,,
,,,,,,,,
,,,,,,,,
,,,,,,,,
,,,,,,,,
,,,,,,,,
,,,,,,,,
,,,,,,,,
,,,,,,,,
,,,,,,,,
,,,,,,,,
,,,,,,,,
,,,,,,,,
,,,,,,,,
,,,,,,,,
,,,,,,,,
,,,,,,,,
,,,,,,,,
,,,,,,,,
,,,,,,,,
,,,,,,,,
,,,,,,,,
,,,,,,,,
,,,,,,,,
,,,,,,,,
,,,,,,,,
,,,,,,,,
,,,,,,,,
,,,,,,,,
,,,,,,,,
,,,,,,,,
,,,,,,,,
,,,,,,,,
,,,,,,,,
,,,,,,,,
,,,,,,,,
,,,,,,,,
,,,,,,,,
,,,,,,,,
,,,,,,,,
,,,,,,,,
,,,,,,,,
,,,,,,,,
,,,,,,,,
,,,,,,,,
,,,,,,,,
,,,,,,,,
,,,,,,,,
,,,,,,,,
,,,,,,,,
,,,,,,,,
,,,,,,,,
,,,,,,,,
,,,,,,,,
,,,,,,,,
,,,,,,,,
,,,,,,,,
,,,,,,,,
,,,,,,,,
,,,,,,,,
,,,,,,,,
,,,,,,,,
,,,,,,,,
,,,,,,,,
,,,,,,,,
,,,,,,,,
,,,,,,,,
,,,,,,,,
,,,,,,,,
,,,,,,,,
,,,,,,,,
,,,,,,,,
,,,,,,,,
,,,,,,,,
,,,,,,,,
,,,,,,,,
,,,,,,,,
,,,,,,,,
,,,,,,,,
,,,,,,,,
,,,,,,,,
,,,,,,,,
,,,,,,,,
,,,,,,,,
,,,,,,,,
,,,,,,,,
,,,,,,,,
,,,,,,,,
,,,,,,,,
,,,,,,,,
,,,,,,,,
,,,,,,,,
,,,,,,,,
,,,,,,,,
,,,,,,,,
,,,,,,,,
,,,,,,,,
,,,,,,,,
,,,,,,,,
,,,,,,,,
,,,,,,,,
,,,,,,,,
,,,,,,,,
,,,,,,,,
,,,,,,,,
,,,,,,,,
,,,,,,,,
,,,,,,,,
,,,,,,,,
,,,,,,,,
,,,,,,,,
,,,,,,,,
,,,,,,,,
,,,,,,,,
,,,,,,,,
,,,,,,,,
,,,,,,,,
,,,,,,,,
,,,,,,,,
,,,,,,,,
,,,,,,,,
,,,,,,,,
,,,,,,,,
,,,,,,,,
,,,,,,,,
,,,,,,,,
,,,,,,,,
,,,,,,,,
,,,,,,,,
,,,,,,,,
,,,,,,,,
,,,,,,,,
,,,,,,,,
,,,,,,,,
,,,,,,,,
,,,,,,,,
,,,,,,,,
,,,,,,,,
,,,,,,,,
,,,,,,,,
,,,,,,,,
,,,,,,,,
,,,,,,,,
,,,,,,,,
,,,,,,,,
,,,,,,,,
,,,,,,,,
,,,,,,,,
,,,,,,,,
,,,,,,,,
,,,,,,,,
,,,,,,,,
,,,,,,,,
,,,,,,,,
,,,,,,,,
,,,,,,,,
,,,,,,,,
,,,,,,,,
,,,,,,,,
,,,,,,,,
,,,,,,,,
,,,,,,,,
,,,,,,,,
,,,,,,,,
,,,,,,,,
,,,,,,,,
,,,,,,,,
,,,,,,,,
,,,,,,,,
,,,,,,,,
,,,,,,,,
,,,,,,,,
,,,,,,,,
,,,,,,,,
,,,,,,,,
,,,,,,,,
,,,,,,,,
,,,,,,,,
,,,,,,,,
,,,,,,,,
,,,,,,,,
,,,,,,,,
,,,,,,,,
,,,,,,,,
,,,,,,,,
,,,,,,,,
,,,,,,,,
,,,,,,,,
,,,,,,,,
,,,,,,,,
,,,,,,,,
,,,,,,,,
,,,,,,,,
,,,,,,,,
,,,,,,,,
,,,,,,,,
,,,,,,,,
,,,,,,,,
,,,,,,,,
,,,,,,,,
,,,,,,,,
,,,,,,,,
,,,,,,,,
,,,,,,,,
,,,,,,,,
,,,,,,,,
,,,,,,,,
,,,,,,,,
,,,,,,,,
,,,,,,,,
,,,,,,,,
,,,,,,,,
,,,,,,,,
,,,,,,,,
,,,,,,,,
,,,,,,,,
,,,,,,,,
,,,,,,,,
,,,,,,,,
,,,,,,,,
,,,,,,,,
,,,,,,,,
,,,,,,,,
,,,,,,,,
,,,,,,,,
,,,,,,,,
,,,,,,,,
,,,,,,,,
,,,,,,,,
,,,,,,,,
,,,,,,,,
,,,,,,,,
,,,,,,,,
,,,,,,,,
,,,,,,,,
,,,,,,,,
,,,,,,,,
,,,,,,,,
,,,,,,,,
,,,,,,,,
,,,,,,,,
,,,,,,,,
,,,,,,,,
,,,,,,,,
,,,,,,,,
,,,,,,,,
,,,,,,,,
,,,,,,,,
,,,,,,,,
,,,,,,,,
,,,,,,,,
,,,,,,,,
,,,,,,,,
,,,,,,,,
,,,,,,,,
,,,,,,,,
,,,,,,,,
,,,,,,,,
,,,,,,,,
,,,,,,,,
,,,,,,,,
,,,,,,,,
,,,,,,,,
,,,,,,,,
,,,,,,,,
,,,,,,,,
,,,,,,,,
,,,,,,,,
,,,,,,,,
,,,,,,,,
,,,,,,,,
,,,,,,,,
,,,,,,,,
,,,,,,,,
,,,,,,,,
,,,,,,,,
,,,,,,,,
,,,,,,,,
,,,,,,,,
,,,,,,,,
,,,,,,,,
,,,,,,,,
,,,,,,,,
,,,,,,,,
,,,,,,,,
,,,,,,,,
,,,,,,,,
,,,,,,,,
,,,,,,,,
,,,,,,,,
,,,,,,,,
,,,,,,,,
,,,,,,,,
,,,,,,,,
,,,,,,,,
,,,,,,,,
,,,,,,,,
,,,,,,,,
,,,,,,,,
,,,,,,,,
,,,,,,,,
,,,,,,,,
,,,,,,,,
,,,,,,,,
,,,,,,,,
,,,,,,,,
,,,,,,,,
,,,,,,,,
,,,,,,,,
,,,,,,,,
,,,,,,,,
,,,,,,,,
,,,,,,,,
,,,,,,,,
,,,,,,,,
,,,,,,,,
,,,,,,,,
,,,,,,,,
,,,,,,,,
,,,,,,,,
,,,,,,,,
,,,,,,,,
,,,,,,,,
,,,,,,,,
,,,,,,,,
,,,,,,,,
,,,,,,,,
,,,,,,,,
,,,,,,,,
,,,,,,,,
,,,,,,,,
,,,,,,,,
,,,,,,,,
,,,,,,,,
,,,,,,,,
,,,,,,,,
,,,,,,,,
,,,,,,,,
,,,,,,,,
,,,,,,,,
,,,,,,,,
,,,,,,,,
,,,,,,,,
,,,,,,,,
,,,,,,,,
,,,,,,,,
,,,,,,,,
,,,,,,,,
,,,,,,,,
,,,,,,,,
,,,,,,,,
,,,,,,,,
,,,,,,,,
,,,,,,,,
,,,,,,,,
,,,,,,,,
,,,,,,,,
,,,,,,,,
,,,,,,,,
,,,,,,,,
,,,,,,,,
,,,,,,,,
,,,,,,,,
,,,,,,,,
,,,,,,,,
,,,,,,,,
,,,,,,,,
,,,,,,,,
,,,,,,,,
,,,,,,,,
,,,,,,,,
,,,,,,,,
,,,,,,,,
,,,,,,,,
,,,,,,,,
,,,,,,,,
,,,,,,,,
,,,,,,,,
,,,,,,,,
,,,,,,,,
,,,,,,,,
,,,,,,,,
,,,,,,,,
,,,,,,,,
,,,,,,,,
,,,,,,,,
,,,,,,,,
,,,,,,,,
,,,,,,,,
,,,,,,,,
,,,,,,,,
,,,,,,,,
,,,,,,,,
,,,,,,,,
,,,,,,,,
,,,,,,,,
,,,,,,,,
,,,,,,,,
,,,,,,,,
,,,,,,,,
,,,,,,,,
,,,,,,,,
,,,,,,,,
,,,,,,,,
,,,,,,,,
,,,,,,,,
,,,,,,,,
,,,,,,,,
,,,,,,,,
,,,,,,,,
,,,,,,,,
,,,,,,,,
,,,,,,,,
,,,,,,,,
,,,,,,,,
,,,,,,,,
,,,,,,,,
,,,,,,,,
,,,,,,,,
,,,,,,,,
,,,,,,,,
,,,,,,,,
,,,,,,,,
,,,,,,,,
,,,,,,,,
,,,,,,,,
,,,,,,,,
,,,,,,,,
,,,,,,,,
,,,,,,,,
,,,,,,,,
,,,,,,,,
,,,,,,,,
,,,,,,,,
,,,,,,,,
,,,,,,,,
,,,,,,,,
,,,,,,,,
,,,,,,,,
,,,,,,,,
,,,,,,,,
,,,,,,,,
,,,,,,,,
,,,,,,,,
,,,,,,,,
,,,,,,,,
,,,,,,,,
,,,,,,,,
,,,,,,,,
,,,,,,,,
,,,,,,,,
,,,,,,,,
,,,,,,,,
,,,,,,,,
,,,,,,,,
,,,,,,,,
,,,,,,,,
,,,,,,,,
,,,,,,,,
,,,,,,,,
,,,,,,,,
,,,,,,,,
,,,,,,,,
,,,,,,,,
,,,,,,,,
,,,,,,,,
,,,,,,,,
,,,,,,,,
,,,,,,,,
,,,,,,,,
,,,,,,,,
,,,,,,,,
,,,,,,,,
,,,,,,,,
,,,,,,,,
,,,,,,,,
,,,,,,,,
,,,,,,,,
,,,,,,,,
,,,,,,,,
,,,,,,,,
,,,,,,,,
,,,,,,,,
,,,,,,,,
,,,,,,,,
,,,,,,,,
,,,,,,,,
,,,,,,,,
,,,,,,,,
,,,,,,,,
,,,,,,,,
,,,,,,,,
,,,,,,,,
,,,,,,,,
,,,,,,,,
,,,,,,,,
,,,,,,,,
,,,,,,,,
,,,,,,,,
,,,,,,,,
,,,,,,,,
,,,,,,,,
,,,,,,,,
,,,,,,,,
,,,,,,,,
,,,,,,,,
,,,,,,,,
,,,,,,,,
,,,,,,,,
,,,,,,,,
,,,,,,,,
,,,,,,,,
,,,,,,,,
,,,,,,,,
,,,,,,,,
,,,,,,,,
,,,,,,,,
,,,,,,,,
,,,,,,,,
,,,,,,,,
,,,,,,,,
,,,,,,,,
,,,,,,,,
,,,,,,,,
,,,,,,,,
,,,,,,,,
,,,,,,,,
,,,,,,,,
,,,,,,,,
,,,,,,,,
,,,,,,,,
,,,,,,,,
,,,,,,,,
,,,,,,,,
,,,,,,,,
,,,,,,,,
,,,,,,,,
,,,,,,,,
,,,,,,,,
,,,,,,,,
,,,,,,,,
,,,,,,,,
,,,,,,,,
,,,,,,,,
,,,,,,,,
,,,,,,,,
,,,,,,,,
,,,,,,,,
,,,,,,,,
,,,,,,,,
,,,,,,,,
,,,,,,,,
,,,,,,,,
,,,,,,,,
,,,,,,,,
,,,,,,,,
,,,,,,,,
,,,,,,,,
,,,,,,,,
,,,,,,,,
,,,,,,,,
,,,,,,,,
,,,,,,,,
,,,,,,,,
,,,,,,,,
,,,,,,,,
,,,,,,,,
,,,,,,,,
,,,,,,,,
,,,,,,,,
,,,,,,,,
,,,,,,,,
,,,,,,,,
,,,,,,,,
,,,,,,,,
,,,,,,,,
,,,,,,,,
,,,,,,,,
,,,,,,,,
,,,,,,,,
,,,,,,,,
,,,,,,,,
,,,,,,,,
,,,,,,,,
,,,,,,,,
,,,,,,,,
,,,,,,,,
,,,,,,,,
,,,,,,,,
,,,,,,,,
,,,,,,,,
,,,,,,,,
,,,,,,,,
,,,,,,,,
,,,,,,,,
,,,,,,,,
,,,,,,,,
,,,,,,,,
,,,,,,,,
,,,,,,,,
,,,,,,,,
,,,,,,,,
,,,,,,,,
